{
  "test/integration/FirstJourney.js": 1715361235325,
  "test/integration/opaTests.qunit.js": 1715361235297,
  "test/integration/pages/StoreList.js": 1715361235309,
  "test/integration/pages/StoreObjectPage.js": 1715361235309,
  "i18n/i18n.properties": 1715361246801,
  "test/testsuite.qunit.js": 1715361235289,
  "xs-app.json": 1715734558479,
  "manifest.json": 1715363496870,
  "Component.js": 1715361235273,
  "test/testsuite.qunit-dbg.js": 1715361235289,
  "test/testsuite.qunit.js.map": 1715734575272,
  "test/integration/pages/StoreList-dbg.js": 1715361235309,
  "test/integration/pages/StoreList.js.map": 1715734575276,
  "test/integration/pages/StoreObjectPage-dbg.js": 1715361235309,
  "test/integration/pages/StoreObjectPage.js.map": 1715734575276,
  "test/integration/FirstJourney-dbg.js": 1715361235325,
  "test/integration/FirstJourney.js.map": 1715734575280,
  "test/integration/opaTests.qunit-dbg.js": 1715361235297,
  "test/integration/opaTests.qunit.js.map": 1715734575278,
  "Component-dbg.js": 1715361235273,
  "Component.js.map": 1715734575278,
  "Component-preload.js": 1715734575417,
  "Component-preload.js.map": 1715734575417,
  "test/integration/opaTests.qunit.html": 1715361235297,
  "test/testsuite.qunit.html": 1715361235289,
  "test/flpSandbox.html": 1715361235289,
  "index.html": 1715361235273
}