{
  "Component.js": 1715361235273,
  "xs-app.json": 1716395255436,
  "test/integration/pages/StoreList.js": 1715361235309,
  "test/integration/opaTests.qunit.js": 1715361235297,
  "test/integration/FirstJourney.js": 1715361235325,
  "test/testsuite.qunit.js": 1715361235289,
  "test/integration/pages/StoreObjectPage.js": 1715361235309,
  "manifest.json": 1715363496870,
  "i18n/i18n.properties": 1715361246801,
  "test/integration/pages/StoreObjectPage-dbg.js": 1715361235309,
  "test/integration/pages/StoreObjectPage.js.map": 1716395267837,
  "test/integration/opaTests.qunit-dbg.js": 1715361235297,
  "test/integration/opaTests.qunit.js.map": 1716395267884,
  "test/integration/FirstJourney-dbg.js": 1715361235325,
  "test/integration/FirstJourney.js.map": 1716395267838,
  "test/testsuite.qunit-dbg.js": 1715361235289,
  "test/testsuite.qunit.js.map": 1716395267838,
  "test/integration/pages/StoreList-dbg.js": 1715361235309,
  "test/integration/pages/StoreList.js.map": 1716395267881,
  "Component-dbg.js": 1715361235273,
  "Component.js.map": 1716395267882,
  "Component-preload.js": 1716395267998,
  "Component-preload.js.map": 1716395267998,
  "test/integration/opaTests.qunit.html": 1715361235297,
  "test/testsuite.qunit.html": 1715361235289,
  "test/flpSandbox.html": 1715361235289,
  "index.html": 1715361235273
}